Model Name,F1-Score,F1-Score (Non-US),F1-Score (Missing Data),Average F1 CV Scores,Accuracy,Accuracy (Non-US),Accuracy (Missing Data),PR-AUC,PR-AUC (Missing Data),PR-AUC (Non-US Data),Total Test Time
intfloat/multilingual-e5-base,0.8981233243967829,0.8870056497175142,0.7368421052631579,0.8960889383534678,0.8733333333333333,0.873015873015873,0.8387096774193549,0.9675653822503054,0.7872759856630824,0.9128557082889149,1.4654310549999536
BAAI/bge-m3,0.9044414535666218,0.9019607843137255,0.8,0.8983874888259988,0.8816666666666667,0.8888888888888888,0.8709677419354839,0.9706213489039863,0.832258064516129,0.9218655381227635,4.546762626000145
sentence-transformers/paraphrase-multilingual-MiniLM-L12-v2,0.9,0.8851540616246498,0.6666666666666666,0.8917712531925691,0.8766666666666667,0.8698412698412699,0.8064516129032258,0.9673344093650141,0.739516129032258,0.909804748740411,1.2500430160000633
Alibaba-NLP/gte-multilingual-base,0.9005376344086021,0.8920454545454546,0.7777777777777778,0.8956326509928422,0.8766666666666667,0.8793650793650793,0.8709677419354839,0.9683572449097698,0.8358870967741936,0.917701536863871,1.9804210359999388
google/embeddinggemma-300m,0.8934426229508197,0.8760806916426513,0.7368421052631579,0.898777603074203,0.87,0.8634920634920635,0.8387096774193549,0.9689751868611981,0.7872759856630824,0.9094213009102385,5.880228284000054
Qwen/Qwen3-Embedding-0.6B,0.897196261682243,0.8876404494382022,0.7368421052631579,0.8927840838354945,0.8716666666666667,0.873015873015873,0.8387096774193549,0.9684011187607866,0.7872759856630824,0.9121509117244927,9.176987492999842
intfloat/multilingual-e5-large,0.8990578734858681,0.895774647887324,0.8,0.8981477798843057,0.875,0.8825396825396825,0.8709677419354839,0.965165143765579,0.832258064516129,0.9185729812897443,4.947553524
